{"proxies":{"ti.pushwoosh.PushWooshModule":{"superPackageName":"org.appcelerator.kroll","methods":{"getLastData":{"runOnUiThread":false,"hasInvocation":false,"args":[],"apiName":"getLastData","converter":"org.appcelerator.kroll.KrollConverter","defaultValueProvider":"org.appcelerator.kroll.KrollConverter","name":"__default_name__","returnType":"org.appcelerator.kroll.KrollDict"},"getTagValue":{"runOnUiThread":false,"hasInvocation":false,"args":[{"converter":"org.appcelerator.kroll.KrollConverter","defaultValueProvider":"org.appcelerator.kroll.KrollConverter","name":"tagName","sourceName":"tagName","type":"java.lang.String"},{"converter":"org.appcelerator.kroll.KrollConverter","defaultValueProvider":"org.appcelerator.kroll.KrollConverter","name":"callback","sourceName":"callback","type":"org.appcelerator.kroll.KrollFunction"}],"apiName":"getTagValue","converter":"org.appcelerator.kroll.KrollConverter","defaultValueProvider":"org.appcelerator.kroll.KrollConverter","name":"__default_name__","returnType":"void"},"setTags":{"runOnUiThread":false,"hasInvocation":false,"args":[{"converter":"org.appcelerator.kroll.KrollConverter","defaultValueProvider":"org.appcelerator.kroll.KrollConverter","name":"tags","sourceName":"tags","type":"org.appcelerator.kroll.KrollDict"}],"apiName":"setTags","converter":"org.appcelerator.kroll.KrollConverter","defaultValueProvider":"org.appcelerator.kroll.KrollConverter","name":"__default_name__","returnType":"void"},"registerForPushNotifications":{"runOnUiThread":false,"hasInvocation":false,"args":[],"apiName":"registerForPushNotifications","converter":"org.appcelerator.kroll.KrollConverter","defaultValueProvider":"org.appcelerator.kroll.KrollConverter","name":"__default_name__","returnType":"java.lang.Void"}},"dynamicProperties":{"lastData":{"set":false,"nativeConverter":"org.appcelerator.kroll.KrollConverter","getMethodName":"getLastData","converter":"org.appcelerator.kroll.KrollConverter","defaultValueProvider":"org.appcelerator.kroll.KrollConverter","javascriptConverter":"org.appcelerator.kroll.KrollConverter","getHasInvocation":false,"runOnUiThread":false,"getMethodArgs":[],"getReturnType":"org.appcelerator.kroll.KrollDict","get":true,"name":"lastData","setHasInvocation":false,"getDefaultProviders":[]}},"superProxyClassName":"KrollModule","isModule":true,"genClassName":"PushWooshModuleBindingGen","superProxyBindingClassName":"org.appcelerator.kroll.KrollModuleBindingGen","proxyClassName":"PushWooshModule","proxyAttrs":{"propertyAccessors":[],"fullAPIName":"PushWoosh","name":"PushWoosh","proxyClassName":"ti.pushwoosh.PushWooshModule","isTopLevel":false,"id":"ti.pushwoosh"},"packageName":"ti.pushwoosh","sourceName":"ti.pushwoosh.PushWooshModuleBindingGen","constants":{"ON_REGISTER_SUCCESS":{"proxyName":"ON_REGISTER_SUCCESS","name":"ON_REGISTER_SUCCESS","type":"java.lang.String","value":"onRegisterSuccess"},"ON_MESSAGE_OPENED":{"proxyName":"ON_MESSAGE_OPENED","name":"ON_MESSAGE_OPENED","type":"java.lang.String","value":"onMessageOpened"},"ON_SET_TAG_ERROR":{"proxyName":"ON_SET_TAG_ERROR","name":"ON_SET_TAG_ERROR","type":"java.lang.String","value":"onSetTagError"},"ON_REGISTER_ERROR":{"proxyName":"ON_REGISTER_ERROR","name":"ON_REGISTER_ERROR","type":"java.lang.String","value":"onRegisterError"},"ON_SET_TAG_SUCCESS":{"proxyName":"ON_SET_TAG_SUCCESS","name":"ON_SET_TAG_SUCCESS","type":"java.lang.String","value":"onSetTagSuccess"},"ON_MESSAGE_RECEIVED":{"proxyName":"ON_MESSAGE_RECEIVED","name":"ON_MESSAGE_RECEIVED","type":"java.lang.String","value":"onMessageReceived"},"SHARED_PREFERENCES_NAME":{"proxyName":"SHARED_PREFERENCES_NAME","name":"SHARED_PREFERENCES_NAME","type":"java.lang.String","value":"ti.pushwoosh.shared"}},"isTitaniumSdk":false,"onAppCreate":"onAppCreate"}},"modules":{"ti.pushwoosh.PushWooshModule":{"apiName":"PushWoosh"}}}