<?xml version="1.0" encoding="UTF-8"?>
<ti:module xmlns:ti="http://ti.tidev.io" xmlns:android="http://schemas.android.com/apk/res/android">
	<!--
		Similar to tiapp.xml, but contains module/platform specific
		configuration in <iphone> and <android> sections
	-->
	<android xmlns:android="http://schemas.android.com/apk/res/android">
		<manifest package="ti.pushwoosh">
			<uses-permission android:name="android.permission.POST_NOTIFICATIONS"/>
			<uses-permission android:name="android.permission.WAKE_LOCK"/>
			<uses-permission android:name="android.permission.VIBRATE"/>
			<application>
				<activity android:name="ti.pushwoosh.PushHandlerActivity" android:exported="true"/>
				<meta-data android:name="com.pushwoosh.notification_service_extension" android:value="ti.pushwoosh.NotificationService" />
			</application>
		</manifest>
	</android>
</ti:module>
